year,recursos,gastos,balance
2021,0,0,0
2022,0,0,0
2023,19684918700.38,29125334742.95,-9440416042.57
2024,44488189256.59,68759755003.74,-24271565747.15001
2025,83721224344.89,100372574448.47,-16651350103.580002
